<item>
<title>[COLOR blue]Movistar[/COLOR]</title>
<link>http://ignorame</link>
<thumbnail>https://i.imgur.com/NXZoiYw.jpg</thumbnail>
<fanart>https://i.imgur.com/NhzKkad.jpg</fanart>
<externallink>https://raw.githubusercontent.com/OPIBOX/OPIBOXADDON/master/PELICULAS/ESTRENOS.xml</externallink>
<Info>Películas de Estreno con buena calidad para ver cuando quieras</Info>
</item>
<item>
<title>[COLOR red]Netflix[/COLOR]</title>
<link>http://ignorame</link>
<thumbnail>https://i.imgur.com/NXZoiYw.jpg</thumbnail>
<fanart>https://i.imgur.com/NhzKkad.jpg</fanart>
<externallink>https://raw.githubusercontent.com/OPIBOX/OPIBOXADDON/master/PELICULAS/Peliculas.xml</externallink>
<Info>Películas de Estreno con buena calidad para ver cuando quieras</Info>
</item>
<item>
<title>[COLOR white]HBO[/COLOR]</title>
<link>http://ignorame</link>
<thumbnail>https://upload.wikimedia.org/wikipedia/commons/thumb/d/de/HBO_logo.svg/1280px-HBO_logo.svg.png</thumbnail>
<fanart>https://i.imgur.com/NhzKkad.jpg</fanart>
<externallink>https://raw.githubusercontent.com/OPIBOX/OPIBOXADDON/master/PELICULAS/Peliculas%20infantiles.xml</externallink>
<Info>Catalogo de peliculas para los mas pequeños de la casa </Info>
</item>
<item>
<title>[COLOR white]Amazon [/COLOR][COLOR blue]prime vídeo [/COLOR]</title>
<link>http://ignorame</link>
<thumbnail>https://www.conmishijos.com/assets/posts/1000/1237-peliculas-infantiles-oscar.jpg</thumbnail>
<fanart>https://i.imgur.com/NhzKkad.jpg</fanart>
<externallink>https://raw.githubusercontent.com/OPIBOX/OPIBOXADDON/master/PELICULAS/Peliculas%20infantiles.xml</externallink>
<Info>Catalogo de peliculas para los mas pequeños de la casa </Info>
</item>
