<item>
<title>[COLOR pink]La pantera rosa[/COLOR]</title>
<link>http://ignorame</link>
<externallink>https://raw.githubusercontent.com/OPIBOX/OPIBOX.1.3/master/Series/anime%20/pantera</externallink>
<info>La pantera rosa (título en inglés: The Pink Panther) es la primera serie del personaje homónimo, nacida a raíz del imprevisto éxito del personaje animado que aparecía en los créditos de la película homónima de Blake Edwards.En principio, no se concibió como una serie, sino que eran cortos destinados a las salas cinematográficas producidos por Mirisch-Geoffrey Productions</info>
<date>1963</date>
<thumbnail>https://us.as.com/us/imagenes/2019/09/01/tikitakas/1567366572_278747_1567366685_noticia_normal.jpg</thumbnail>
<fanart>https://i.pinimg.com/originals/f0/f1/91/f0f191dea2c29466e218d27933e31969.jpg</fanart>
</item>
<item>
<title>[COLOR white]Chicho Terremoto[/COLOR]</title>
<link>http://ignorame</link>
<externallink>https://raw.githubusercontent.com/OPIBOX/OPIBOX.1.3/master/Series/anime%20/CHICHO</externallink>
<<info></info>
<date>1981</date>
<thumbnail>https://i.pinimg.com/originals/59/ac/73/59ac730a645654041c8d6411fda623e7.jpg</thumbnail>
<fanart>https://i.pinimg.com/originals/33/71/78/3371782e33cab8c15fd3a4dc2cf0e05d.jpg</fanart>
</item>
<item>
<title>[COLOR white]Dragon Ball[/COLOR]</title>
<link>http://ignorame</link>
<externallink>https://raw.githubusercontent.com/OPIBOX/OPIBOX.1.3/master/Series/anime%20/dragon</externallink>
<info>Dragon Ball narra la historia de Goku, un excepcional niño que llegó a la Tierra en una cápsula durante una noche tormentosa. Sin saber nada de su pasado, un anciano lo cuidó como su nieto hasta los ocho años. Después de morir su abuelo, Goku accede a la Kame House, lugar donde un estrambótico anciano le convertirá en un campeón de artes marciales. Conocerá por el camino a Bulma, una muchacha obsesionada con algo denominado las Bolas de Dragón, y Krilin, su compañero de aventuras, entre otros...</info>
<date>1986-1989</date>
<thumbnail>https://www.formulatv.com/images/series/posters/1100/1158/1_m3.jpg</thumbnail>
<fanart>https://1.bp.blogspot.com/-cWnPsH1o0f4/XJ2sAFpd9pI/AAAAAAAANp8/_ZpLTLYjbLwJDaaCZPw0idfRrc5JfQ9wwCLcBGAs/s1600/Dragon%2BBall%2BSerie%2BCompleta.png</fanart>
</item>
<item>
<title>[COLOR white]Dragon Ball Z[/COLOR]</title>
<link>http://ignorame</link>
<externallink>https://raw.githubusercontent.com/OPIBOX/OPIBOX.1.3/master/Series/anime%20/dragon%20z</externallink>
<info>Continuando con la adaptación del manga, la serie narra la aventura de la vida adulta de Son Goku quien, con sus compañeros defiende la tierra contra varios villanos. Mientras que la serie original, Dragon Ball, narra la historia de la infancia hasta la adultez, Dragon Ball Z es la continuación de la vida adulta que lleva Goku, paralelamente narra la madurez de su hijo, Gohan. La separación entre las series es significativa, ya que en esta versión de la historia, la comicidad y el tono de aventuras que poseía la serie anterior, es relativamente dejada de lado para mostrar una historia con un toque más oscuro y serio.</info>
<date>1993-1995</date>
<thumbnail>https://www.ecartelera.com/carteles-series/300/380/001_p.jpg</thumbnail>
<fanart>http://www.formulatv.com/images/noticias/11800/11876/1.jpg</fanart>
</item>
<item>
<title>[COLOR white]Dragon Ball GT[/COLOR]</title>
<link>http://ignorame</link>
<externallink>https://raw.githubusercontent.com/OPIBOX/OPIBOX.1.3/master/Series/anime%20/DRAGON%20GT</externallink>
<info>Ubicado 20 años después de la batalla contra Majin Boo y 10 años tras el final de Dragon Ball Z, es el tercer anime de la serie de televisión japonesa Dragon Ball. A diferencia de los dos primeros animes, no se basa en el manga original Dragon Ball de Akira Toriyama, sino que fue creado como una secuela de la serie de anime.</info>
<date>1996-1999</date>
<thumbnail>https://d.wattpad.com/story_parts/754772781/images/15aef0a3ad5a65ac532585727661.jpg</thumbnail>
<fanart>https://www.tierragamer.com/wp-content/uploads/2019/02/dragon-ball-gt-660x400.jpg</fanart>
</item>
